{
  "marker_profiles": [
    {
      "marker": "吉",
      "count": 118,
      "prevalence": 0.3072916666666667,
      "valence": "positive",
      "shell_model": "full",
      "r2_position": 0.05743496281342131,
      "r2_core": 0.061940093296404375,
      "r2_shell": 0.1137603115790713,
      "r2_full": 0.11619129616668056,
      "dr2_core": 0.004505130482983066,
      "dr2_shell": 0.056325348765649985,
      "dr2_total": 0.05875633335325925,
      "additivity_excess": 0.0020741458953738023,
      "p_core": 0.3439540850396581,
      "p_shell": 0.03139697260728935,
      "p_core_given_shell": 0.5622040761474578,
      "p_shell_given_core": 0.041253952701979846,
      "type": "Shell-only",
      "ll_M0": -223.28982707472443,
      "ll_MA": -222.22257997048536,
      "ll_MB": -209.94658083747197,
      "ll_MC": -209.3706904672872
    },
    {
      "marker": "无咎",
      "count": 84,
      "prevalence": 0.21875,
      "valence": "positive",
      "shell_model": "full",
      "r2_position": 0.026141964718873645,
      "r2_core": 0.033575351249227725,
      "r2_shell": 0.07236905045402198,
      "r2_full": 0.0861135550746801,
      "dr2_core": 0.00743338653035408,
      "dr2_shell": 0.04622708573514833,
      "dr2_total": 0.05997159035580646,
      "additivity_excess": -0.0063111180903040465,
      "p_core": 0.22324445309301066,
      "p_shell": 0.2300264058802547,
      "p_core_given_shell": 0.0625000438357286,
      "p_shell_given_core": 0.1306717300710456,
      "type": "None",
      "ll_M0": -196.44994106143065,
      "ll_MA": -194.95045315572852,
      "ll_MB": -187.124856768739,
      "ll_MC": -184.35226874787062
    },
    {
      "marker": "貞",
      "count": 71,
      "prevalence": 0.18489583333333334,
      "valence": "neutral",
      "shell_model": "full",
      "r2_position": 0.00967203594902577,
      "r2_core": 0.014474579589403014,
      "r2_shell": 0.05306840577124361,
      "r2_full": 0.055554472148733436,
      "dr2_core": 0.004802543640377244,
      "dr2_shell": 0.04339636982221784,
      "dr2_total": 0.045882436199707666,
      "additivity_excess": 0.0023164772628874175,
      "p_core": 0.4135921286659793,
      "p_shell": 0.38501318670074824,
      "p_core_given_shell": 0.633164073828205,
      "p_shell_given_core": 0.44396407029104756,
      "type": "None",
      "ll_M0": -182.05681282618315,
      "ll_MA": -181.17393783894232,
      "ll_MB": -174.07904680840696,
      "ll_MC": -173.6220211183429
    },
    {
      "marker": "凶",
      "count": 52,
      "prevalence": 0.13541666666666666,
      "valence": "negative",
      "shell_model": "full",
      "r2_position": 0.06537258382264433,
      "r2_core": 0.12865776747599555,
      "r2_shell": 0.18265990915774932,
      "r2_full": 0.22628899826509485,
      "dr2_core": 0.06328518365335123,
      "dr2_shell": 0.117287325335105,
      "dr2_total": 0.16091641444245053,
      "additivity_excess": 0.019656094546005698,
      "p_core": 6.527547378176735e-05,
      "p_shell": 0.0019395482802980757,
      "p_core_given_shell": 0.001302176711410974,
      "p_shell_given_core": 0.012917522716063168,
      "type": "Dual",
      "ll_M0": -142.3224993955905,
      "ll_MA": -132.68560521042704,
      "ll_MB": -124.46230719473569,
      "ll_MC": -117.81858917338026
    },
    {
      "marker": "利",
      "count": 51,
      "prevalence": 0.1328125,
      "valence": "positive",
      "shell_model": "full",
      "r2_position": 0.016207357872649375,
      "r2_core": 0.02171809458609797,
      "r2_shell": 0.11463721241472746,
      "r2_full": 0.12436933173720954,
      "dr2_core": 0.005510736713448594,
      "dr2_shell": 0.09842985454207809,
      "dr2_total": 0.10816197386456017,
      "additivity_excess": -0.004221382609033486,
      "p_core": 0.4365370868323851,
      "p_shell": 0.013407756980952201,
      "p_core_given_shell": 0.23134866828507294,
      "p_shell_given_core": 0.00911540954247858,
      "type": "Shell-only",
      "ll_M0": -147.9743996710463,
      "ll_MA": -147.14551772784085,
      "ll_MB": -133.16935030202796,
      "ll_MC": -131.70552098210422
    },
    {
      "marker": "厲",
      "count": 26,
      "prevalence": 0.06770833333333333,
      "valence": "negative",
      "shell_model": "full",
      "r2_position": 0.054881102735500176,
      "r2_core": 0.0847813847956258,
      "r2_shell": 0.10450984090506465,
      "r2_full": 0.14721743625444594,
      "dr2_core": 0.029900282060125627,
      "dr2_shell": 0.04962873816956448,
      "dr2_total": 0.09233633351894577,
      "additivity_excess": -0.012807313289255662,
      "p_core": 0.0582111177677731,
      "p_shell": 0.8534156539432536,
      "p_core_given_shell": 0.017219310201880056,
      "p_shell_given_core": 0.6883885989256003,
      "type": "None",
      "ll_M0": -89.88593068904302,
      "ll_MA": -87.04225177349264,
      "ll_MB": -85.16596864807062,
      "ll_MC": -81.10424480932289
    },
    {
      "marker": "吝",
      "count": 20,
      "prevalence": 0.052083333333333336,
      "valence": "negative",
      "shell_model": "full",
      "r2_position": 0.06327405909746364,
      "r2_core": 0.06541919224452941,
      "r2_shell": 0.14240770009113057,
      "r2_full": 0.14372790821064974,
      "dr2_core": 0.0021451331470657697,
      "dr2_shell": 0.07913364099366693,
      "dr2_total": 0.0804538491131861,
      "additivity_excess": 0.000824925027546608,
      "p_core": 0.8448983053869359,
      "p_shell": 0.6458677910661195,
      "p_core_given_shell": 0.9014720630122481,
      "p_shell_given_core": 0.6558014952133131,
      "type": "None",
      "ll_M0": -73.59676513121559,
      "ll_MA": -73.42822612369363,
      "ll_MB": -67.37938634849775,
      "ll_MC": -67.27566012223038
    },
    {
      "marker": "悔亡",
      "count": 18,
      "prevalence": 0.046875,
      "valence": "neutral",
      "shell_model": "full",
      "r2_position": 0.053485269552527415,
      "r2_core": 0.06970939112204178,
      "r2_shell": 0.12403518886992593,
      "r2_full": 0,
      "dr2_core": 0.01622412156951436,
      "dr2_shell": 0.07054991931739851,
      "dr2_total": 0,
      "additivity_excess": 0,
      "p_core": 0.3076526756115885,
      "p_shell": 0.8036101087634109,
      "p_core_given_shell": null,
      "p_shell_given_core": null,
      "type": "None",
      "ll_M0": -68.77020949062039,
      "ll_MA": -67.59142568172042,
      "ll_MB": -63.644317019078855,
      "ll_MC": null
    },
    {
      "marker": "悔",
      "count": 13,
      "prevalence": 0.033854166666666664,
      "valence": "negative",
      "shell_model": "reduced",
      "r2_position": 0.12364090572370912,
      "r2_core": 0,
      "r2_shell": 0.18275946755853112,
      "r2_full": 0,
      "dr2_core": 0,
      "dr2_shell": 0.059118561834822,
      "dr2_total": 0,
      "additivity_excess": 0,
      "p_core": null,
      "p_shell": 0.1517461956933509,
      "p_core_given_shell": null,
      "p_shell_given_core": null,
      "type": "None",
      "ll_M0": -49.76968906641956,
      "ll_MA": null,
      "ll_MB": -46.412261204039936,
      "ll_MC": null
    },
    {
      "marker": "亨",
      "count": 8,
      "prevalence": 0.020833333333333332,
      "valence": "positive",
      "shell_model": "reduced",
      "r2_position": 0.04844860670604023,
      "r2_core": 0.07608401769533346,
      "r2_shell": 0.11626829649637749,
      "r2_full": 0.1370957324985287,
      "dr2_core": 0.02763541098929323,
      "dr2_shell": 0.06781968979033726,
      "dr2_total": 0.08864712579248846,
      "additivity_excess": 0.006807974987142029,
      "p_core": 0.3414267822814394,
      "p_shell": 0.2602800707516648,
      "p_core_given_shell": 0.44490735087025424,
      "p_shell_given_core": 0.3144804182531987,
      "type": "None",
      "ll_M0": -37.00173244888225,
      "ll_MA": -35.92711042557674,
      "ll_MB": -34.364517019349464,
      "ll_MC": -33.554627800565314
    },
    {
      "marker": "咎",
      "count": 8,
      "prevalence": 0.020833333333333332,
      "valence": "negative",