{
  "吉": {
    "M0_position": {
      "label": "M0_position",
      "nobs": 384,
      "k": 6,
      "ll": -223.28982707472443,
      "ll_null": -236.89593637083388,
      "mcfadden_r2": 0.05743496281342131,
      "aic": 458.57965414944886,
      "bic": 482.2835094649752,
      "converged": true,
      "params": {
        "const": -0.7884573603642704,
        "line_position=1": 0.47337631372437483,
        "line_position=2": -1.480226180954094,
        "line_position=3": -0.07376615023960868,
        "line_position=4": 0.6004051288613307,
        "line_position=5": -0.22847689728957232
      },
      "pvalues": {
        "const": 0.0034592222457001435,
        "line_position=1": 0.20057907670530983,
        "line_position=2": 0.003478692514959339,
        "line_position=3": 0.8477281599319044,
        "line_position=4": 0.10323119086019186,
        "line_position=5": 0.5589227367348388
      }
    },
    "M1_pos_basin": {
      "label": "M1_pos_basin",
      "nobs": 384,
      "k": 8,
      "ll": -222.22257997048536,
      "ll_null": -236.89593637083388,
      "mcfadden_r2": 0.061940093296404375,
      "aic": 460.4451599409707,
      "bic": 492.0503003616725,
      "converged": true,
      "params": {
        "const": -0.6358623203553444,
        "line_position=1": 0.47643530266585077,
        "line_position=2": -1.4862061838485543,
        "line_position=3": -0.07419954405463093,
        "line_position=4": 0.604345944481866,
        "line_position=5": -0.2297742854141503,
        "basin=Kun": -0.2328448114958382,
        "basin=Qian": -0.3991595086393442
      },
      "pvalues": {
        "const": 0.029020867731810507,
        "line_position=1": 0.19914277783251844,
        "line_position=2": 0.003406069320610252,
        "line_position=3": 0.847287014891357,
        "line_position=4": 0.10212349869920602,
        "line_position=5": 0.5578089994593604,
        "basin=Kun": 0.40677823741368524,
        "basin=Qian": 0.1643378462237487
      }
    },
    "M2_pos_sr": {
      "label": "M2_pos_sr",
      "nobs": 384,
      "k": 10,
      "ll": -215.87742125144962,
      "ll_null": -236.89593637083388,
      "mcfadden_r2": 0.08872467565877595,
      "aic": 451.75484250289924,
      "bic": 491.2612680287765,
      "converged": true,
      "params": {
        "const": -1.2376010152542372,
        "line_position=1": 0.4952529708471354,
        "line_position=2": -1.5212089855614883,
        "line_position=3": -0.07682180012459058,
        "line_position=4": 0.6286747314621405,
        "line_position=5": -0.23758767054776553,
        "surface_relation=体克用": 0.7547510292684773,
        "surface_relation=体生用": 0.639125316640228,
        "surface_relation=克体": -0.2156158476890816,
        "surface_relation=生体": 0.9596973711013563
      },
      "pvalues": {
        "const": 0.0007485742526933552,
        "line_position=1": 0.190572039064984,
        "line_position=2": 0.0030093535606602346,
        "line_position=3": 0.8446458996195352,
        "line_position=4": 0.09557320494467297,
        "line_position=5": 0.551189200603047,
        "surface_relation=体克用": 0.03750493404661921,
        "surface_relation=体生用": 0.08555095221248477,
        "surface_relation=克体": 0.5877681310912763,
        "surface_relation=生体": 0.008951787249736498
      }
    },
    "M3_pos_rank": {
      "label": "M3_pos_rank",
      "nobs": 384,
      "k": 13,
      "ll": -216.18923188973804,
      "ll_null": -236.89593637083388,
      "mcfadden_r2": 0.08740844101555978,
      "aic": 458.3784637794761,
      "bic": 509.73681696311655,
      "converged": true,
      "params": {
        "const": -1.485211760257738,
        "line_position=1": 0.4943124671895814,
        "line_position=2": -1.5242338103982207,
        "line_position=3": -0.07680554984737628,
        "line_position=4": 0.6272294491900872,
        "line_position=5": -0.23763693170606306,
        "rank=1": 0.13770878376724327,
        "rank=2": 1.4863196416798357,
        "rank=3": 0.8206588264096513,
        "rank=4": 0.6122128929851282,
        "rank=5": 0.502205362885424,
        "rank=6": 0.9204269860301209,
        "rank=7": 0.8206588264096514
      },
      "pvalues": {
        "const": 0.001083862238803183,
        "line_position=1": 0.1910015681797841,
        "line_position=2": 0.0029887468764481836,
        "line_position=3": 0.8446623252828693,
        "line_position=4": 0.09595902655068925,
        "line_position=5": 0.5511534493755388,
        "rank=1": 0.7931596442927329,
        "rank=2": 0.002245094231605373,
        "rank=3": 0.09691034618868985,
        "rank=4": 0.22173950215046234,
        "rank=5": 0.3204305402513572,
        "rank=6": 0.06133747673879763,
        "rank=7": 0.09691034618868981
      }
    },
    "M4_pos_shell": {
      "label": "M4_pos_shell",
      "nobs": 384,
      "k": 21,
      "ll": -209.94658083747197,
      "ll_null": -236.89593637083388,
      "mcfadden_r2": 0.1137603115790713,
      "aic": 461.89316167494394,
      "bic": 544.8566552792862,
      "converged": true,
      "params": {
        "const": -1.3350016289882103,
        "line_position=1": 0.513693083658427,
        "line_position=2": -1.5607162657281253,
        "line_position=3": -0.07951642054211028,
        "line_position=4": 0.652274552523081,
        "line_position=5": -0.2457241874298306,
        "surface_relation=体克用": 0.03016155104421235,
        "surface_relation=体生用": 0.1406382384065135,
        "surface_relation=克体": -0.8831286533177888,
        "surface_relation=生体": 0.42265803962323734,
        "rank=1": 0.14945830802958343,
        "rank=2": 1.2214369458612242,
        "rank=3": 0.7499728924625116,
        "rank=4": 1.0209507106516214,
        "rank=5": 0.3654314856118074,
        "rank=6": 0.9697769564738995,
        "rank=7": 1.2165919068714446,
        "palace_element=Fire": -0.013472295714512224,
        "palace_element=Metal": -0.3062006309311992,
        "palace_element=Water": -0.6020602866237145,
        "palace_element=Wood": -0.06080490474166512
      },
      "pvalues": {
        "const": 0.007455086187243294,
        "line_position=1": 0.18261269055049334,
        "line_position=2": 0.0026291969483632264,
        "line_position=3": 0.8419805207328606,
        "line_position=4": 0.08967991763443163,
        "line_position=5": 0.5444582774963646,
        "surface_relation=体克用": 0.9627296096556014,
        "surface_relation=体生用": 0.7976434737861435,
        "surface_relation=克体": 0.19171549276081323,
        "surface_relation=生体": 0.4390194062303313,
        "rank=1": 0.8410526034742087,
        "rank=2": 0.08486490781818995,
        "rank=3": 0.23282748792748953,
        "rank=4": 0.20666895610410552,
        "rank=5": 0.5247492884621876,
        "rank=6": 0.1812102923454093,
        "rank=7": 0.13101637329098037,
        "palace_element=Fire": 0.9732150647179652,
        "palace_element=Metal": 0.3714642402015993,
        "palace_element=Water": 0.16840114556631536,
        "palace_element=Wood": 0.8556422240184243
      }
    },
    "M5_full": {
      "label": "M5_full",
      "nobs": 384,
      "k": 23,
      "ll": -209.3706904672872,
      "ll_null": -236.89593637083388,
      "mcfadden_r2": 0.11619129616668056,
      "aic": 464.7413809345744,
      "bic": 555.6061596440921,
      "converged": true,
      "params": {
        "const": -1.2097814958423017,
        "line_position=1": 0.5155304019437641,
        "line_position=2": -1.565103628412172,
        "line_position=3": -0.07979352170142903,
        "line_position=4": 0.6546101323722228,
        "line_position=5": -0.2465688612857651,
        "basin=Kun": -0.22340970038021973,
        "basin=Qian": -0.3303901254632993,
        "surface_relation=体克用": -0.01954518615626183,
        "surface_relation=体生用": -6.100893276697039e-05,
        "surface_relation=克体": -0.9295153577766846,
        "surface_relation=生体": 0.2718035410101189,
        "rank=1": 0.24552397061684617,
        "rank=2": 1.3719678254182404,
        "rank=3": 0.8519433450005299,