{
  "kw_baseline": {
    "chi2": 2.290322580645161,
    "asym": 3,
    "m_score": 12,
    "kac": -0.46437136627906966
  },
  "A1": {
    "distribution": [
      {
        "metric": "chi2",
        "mean": 7.279019354838709,
        "std": 3.8032573283653615,
        "min": 0.22580645161290322,
        "max": 28.096774193548388,
        "p5": 2.290322580645161,
        "p50": 6.419354838709678,
        "p95": 14.67741935483871,
        "kw_val": 2.290322580645161,
        "kw_percentile": 6.32
      },
      {
        "metric": "asym",
        "mean": -1.5564,
        "std": 2.410356620917328,
        "min": -11.0,
        "max": 7.0,
        "p5": -5.0,
        "p50": -2.0,
        "p95": 2.0,
        "kw_val": 3.0,
        "kw_percentile": 4.43
      },
      {
        "metric": "m_score",
        "mean": 7.9987,
        "std": 1.8666810948847155,
        "min": 2.0,
        "max": 15.0,
        "p5": 5.0,
        "p50": 8.0,
        "p95": 11.0,
        "kw_val": 12.0,
        "kw_percentile": 2.91
      },
      {
        "metric": "kac",
        "mean": -0.13542361904669797,
        "std": 0.16502369850387003,
        "min": -0.6883152173913045,
        "max": 0.5161733931240658,
        "p5": -0.3953385532808701,
        "p50": -0.14151543297127558,
        "p95": 0.14673447537473236,
        "kw_val": -0.46437136627906966,
        "kw_percentile": 1.9300000000000002
      }
    ],
    "pareto": {
      "dominate_kw": 0,
      "dominated_by_kw": 9276,
      "tradeoff": 724,
      "equal": 0
    },
    "n_samples": 10000
  },
  "A2": {
    "orientation": [
      1,
      1,
      1,
      1,
      1,
      1,
      1,
      1,
      1,
      1,
      1,
      1,
      1,
      1,
      1,
      1,
      1,
      1,
      1,
      1,
      1,
      1,
      1,
      1,
      1,
      1,
      1,
      1,
      1,
      1,
      0,
      1
    ],
    "metrics": {
      "chi2": 3.8387096774193545,
      "asym": -6,
      "m_score": 4,
      "kac": -0.37627627627627624
    },
    "per_axis": [
      "chi2:worse",
      "asym:worse",
      "m_score:worse",
      "kac:worse"
    ],
    "pareto": "dominated-by-kw",
    "hamming_from_kw": 31,
    "raw_all32_s2free": false
  },
  "B1": {
    "distribution": [
      {
        "metric": "chi2",
        "mean": 0.7109677419354837,
        "std": 0.34095782327563856,
        "min": 0.22580645161290322,
        "max": 1.7741935483870968,
        "p5": 0.22580645161290322,
        "p50": 0.7419354838709677,
        "p95": 1.2580645161290323,
        "kw_val": 2.290322580645161,
        "kw_percentile": 100.0
      },
      {
        "metric": "asym",
        "mean": -1.14,
        "std": 2.034797287200865,
        "min": -6.0,
        "max": 4.0,
        "p5": -4.0,
        "p50": -1.0,
        "p95": 2.0,
        "kw_val": 3.0,
        "kw_percentile": 4.0
      },
      {
        "metric": "m_score",
        "mean": 8.47,
        "std": 2.2336293336182704,
        "min": 2.0,
        "max": 15.0,
        "p5": 5.0,
        "p50": 8.0,
        "p95": 12.0,
        "kw_val": 12.0,
        "kw_percentile": 9.0
      },
      {
        "metric": "kac",
        "mean": -0.11380399646800629,
        "std": 0.143807963031188,
        "min": -0.46321391484942903,
        "max": 0.24324215607401448,
        "p5": -0.34119629513286154,
        "p50": -0.09618482077900276,
        "p95": 0.09947938345691974,
        "kw_val": -0.46437136627906966,
        "kw_percentile": 0.0
      }
    ],
    "best_orientation": [
      1,
      0,
      0,
      0,
      0,
      0,
      1,
      1,
      1,
      0,
      1,
      1,
      0,
      1,
      1,
      0,
      0,
      0,
      0,
      0,
      0,
      1,
      0,
      1,
      0,
      1,
      1,
      1,
      1,
      1,
      0,
      0
    ],
    "best_metrics": {
      "chi2": 0.22580645161290322,
      "asym": 2,
      "m_score": 9,
      "kac": -0.08275571131879543
    },
    "best_per_axis": [
      "chi2:better",
      "asym:worse",
      "m_score:worse",
      "kac:worse"
    ],
    "best_pareto": "trade-off",
    "best_hamming": 15,
    "pareto_counts": {
      "trade-off": 100
    },
    "n_starts": 100
  },
  "B2": {
    "distribution": [
      {
        "metric": "chi2",
        "mean": 8.974193548387097,
        "std": 3.3579142230319663,
        "min": 2.8064516129032255,
        "max": 15.709677419354838,
        "p5": 3.32258064516129,
        "p50": 9.0,
        "p95": 15.193548387096774,
        "kw_val": 2.290322580645161,
        "kw_percentile": 0.0
      },
      {
        "metric": "asym",
        "mean": -2.05,
        "std": 2.03654118544163,
        "min": -6.0,
        "max": 3.0,
        "p5": -5.0,
        "p50": -2.0,
        "p95": 2.0,
        "kw_val": 3.0,
        "kw_percentile": 2.0
      },
      {
        "metric": "m_score",
        "mean": 8.7,
        "std": 1.9621416870348585,
        "min": 4.0,
        "max": 12.0,
        "p5": 5.0,
        "p50": 9.0,
        "p95": 12.0,
        "kw_val": 12.0,
        "kw_percentile": 7.000000000000001
      },
      {
        "metric": "kac",
        "mean": -0.7056251033089131,
        "std": 0.045580204796813927,
        "min": -0.7845271800679502,
        "max": -0.5770913770913773,
        "p5": -0.7694653163844529,
        "p50": -0.7087206467536039,
        "p95": -0.6305367867867867,
        "kw_val": -0.46437136627906966,
        "kw_percentile": 100.0
      }
    ],
    "best_orientation": [
      0,
      0,
      1,
      1,
      0,
      1,
      0,
      1,
      0,
      0,
      0,
      0,
      0,
      0,
      0,
      0,
      1,
      1,
      1,
      1,
      1,
      1,
      0,
      0,
      0,
      1,
      1,
      1,
      1,
      1,
      0,
      0
    ],
    "best_metrics": {
      "chi2": 15.193548387096774,
      "asym": -4,
      "m_score": 11,
      "kac": -0.7845271800679502
    },
    "best_per_axis": [
      "chi2:worse",
      "asym:worse",
      "m_score:worse",
      "kac:better"
    ],
    "best_pareto": "trade-off",
    "best_hamming": 15,
    "pareto_counts": {
      "trade-off": 100
    },
    "n_starts": 100
  },
  "C1": {
    "raw_orientation": [
      0,
      0,
      0,
      1,
      0,
      1,
      0,
      0,
      0,
      1,
      1,
      1,
      0,
      0,
      1,
      0,
      0,
      1,
      0,
      0,
      1,
      0,
      0,
      1,
      0,
      0,
      0,
      0,
      1,
      1,
      0,
      0
    ],
    "raw_s2free": false,
    "orientation": [
      0,
      0,
      0,
      1,
      0,
      1,
      0,
      0,
      0,
      1,
      1,
      1,
      0,
      1,
      1,
      0,
      0,
      1,
      0,
      1,
      1,
      0,
      0,
      1,
      0,
      0,
      0,
      1,
      1,
      1,
      0,
      0
    ],
    "metrics": {
      "chi2": 4.870967741935484,
      "asym": -1,
      "m_score": 15,
      "kac": 0.06181623931623934
    },
    "per_axis": [
      "chi2:worse",
      "asym:worse",
      "m_score:better",
      "kac:worse"
    ],
    "pareto": "trade-off",
    "hamming_from_kw": 14
  },
  "C2": {
    "orientation": [
      0,
      0,
      0,
      1,
      0,
      1,
      0,
      1,
      0,
      0,
      0,
      1,
      0,
      0,
      0,
      0,
      1,
      1,
      1,
      1,
      1,
      1,
      0,
      0,
      0,
      0,
      0,
      1,
      1,
      1,
      0,
      0
    ],
    "metrics": {
      "chi2": 8.483870967741936,
      "asym": -2,
      "m_score": 12,
      "kac": -0.6658075601374571
    },
    "per_axis": [
      "chi2:worse",
      "asym:worse",
      "m_score:equal",
      "kac:better"
    ],
    "pareto": "trade-off",
    "hamming_from_kw": 13,
    "kernel_distribution": {
      "M": 3,
      "OM": 3,
      "OI": 1,
      "id": 6,
      "OMI": 3,
      "O": 7,
      "MI": 6,
      "I": 2
    }
  }
}