{
  "kw_baseline": {
    "chi2": 2.290322580645161,
    "asym": 3,
    "m_score": 12,
    "kac": -0.46437136627906966
  },
  "R2-A1": {
    "orientation": [
      0,
      0,
      0,
      1,
      0,
      1,
      0,
      0,
      0,
      0,
      1,
      1,
      0,
      0,
      0,
      0,
      1,
      1,
      0,
      0,
      0,
      1,
      0,
      1,
      0,
      0,
      0,
      0,
      0,
      1,
      0,
      0
    ],
    "metrics": {
      "chi2": 4.354838709677419,
      "asym": 0,
      "m_score": 13,
      "kac": 0.04923364711561674
    },
    "per_axis": [
      "chi2:worse",
      "asym:worse",
      "m_score:better",
      "kac:worse"
    ],
    "pareto": "trade-off",
    "hamming_from_kw": 9
  },
  "R2-A2": {
    "orientation": [
      0,
      0,
      0,
      1,
      0,
      1,
      0,
      1,
      0,
      0,
      1,
      1,
      0,
      0,
      0,
      0,
      1,
      1,
      1,
      1,
      1,
      0,
      0,
      1,
      0,
      0,
      0,
      1,
      1,
      1,
      0,
      0
    ],
    "metrics": {
      "chi2": 7.451612903225806,
      "asym": -3,
      "m_score": 12,
      "kac": -0.4565878185350244
    },
    "per_axis": [
      "chi2:worse",
      "asym:worse",
      "m_score:equal",
      "kac:worse"
    ],
    "pareto": "dominated-by-kw",
    "hamming_from_kw": 14
  },
  "R2-A3": {
    "orientation": [
      0,
      0,
      0,
      1,
      0,
      1,
      0,
      0,
      0,
      1,
      0,
      1,
      0,
      0,
      0,
      0,
      0,
      1,
      0,
      1,
      1,
      1,
      0,
      1,
      0,
      0,
      0,
      0,
      0,
      1,
      0,
      0
    ],
    "metrics": {
      "chi2": 4.35483870967742,
      "asym": -1,
      "m_score": 15,
      "kac": -0.29435712262815056
    },
    "per_axis": [
      "chi2:worse",
      "asym:worse",
      "m_score:better",
      "kac:worse"
    ],
    "pareto": "trade-off",
    "hamming_from_kw": 10
  },
  "R2-C": [
    {
      "orientation": [
        0,
        0,
        0,
        1,
        0,
        1,
        0,
        1,
        0,
        0,
        0,
        1,
        0,
        0,
        0,
        0,
        1,
        1,
        1,
        1,
        1,
        1,
        0,
        0,
        0,
        0,
        0,
        1,
        1,
        1,
        0,
        0
      ],
      "metrics": {
        "chi2": 8.483870967741936,
        "asym": -2,
        "m_score": 12,
        "kac": -0.6658075601374571
      },
      "per_axis": [
        "chi2:worse",
        "asym:worse",
        "m_score:equal",
        "kac:better"
      ],
      "pareto": "trade-off",
      "hamming_from_kw": 13,
      "w_seq": 1.0,
      "w_dist": 0.0,
      "label": "pure sequential",
      "kernel_distribution": {
        "M": 3,
        "OM": 3,
        "OI": 1,
        "id": 6,
        "OMI": 3,
        "O": 7,
        "MI": 6,
        "I": 2
      }
    },
    {
      "orientation": [
        0,
        0,
        0,
        1,
        0,
        1,
        0,
        1,
        0,
        0,
        0,
        1,
        0,
        0,
        0,
        0,
        1,
        1,
        1,
        1,
        1,
        1,
        0,
        1,
        1,
        0,
        0,
        1,
        1,
        1,
        0,
        0
      ],
      "metrics": {
        "chi2": 7.451612903225807,
        "asym": -2,
        "m_score": 11,
        "kac": -0.6533801169590643
      },
      "per_axis": [
        "chi2:worse",
        "asym:worse",
        "m_score:worse",
        "kac:better"
      ],
      "pareto": "trade-off",
      "hamming_from_kw": 15,
      "w_seq": 0.7,
      "w_dist": 0.3,
      "label": "seq-heavy",
      "kernel_distribution": {
        "M": 5,
        "OM": 4,
        "OI": 1,
        "id": 6,
        "OMI": 3,
        "O": 6,
        "MI": 5,
        "I": 1
      }
    },
    {
      "orientation": [
        0,
        0,
        0,
        1,
        0,
        1,
        0,
        1,
        0,
        0,
        0,
        0,
        0,
        0,
        0,
        0,
        1,
        1,
        0,
        1,
        1,
        1,
        0,
        1,
        1,
        0,
        0,
        1,
        1,
        1,
        0,
        0
      ],
      "metrics": {
        "chi2": 7.451612903225807,
        "asym": -2,
        "m_score": 12,
        "kac": -0.4847836257309941
      },
      "per_axis": [
        "chi2:worse",
        "asym:worse",
        "m_score:equal",
        "kac:better"
      ],
      "pareto": "trade-off",
      "hamming_from_kw": 13,
      "w_seq": 0.5,
      "w_dist": 0.5,
      "label": "equal",
      "kernel_distribution": {
        "M": 5,
        "OM": 4,
        "OI": 1,
        "id": 6,
        "OMI": 3,
        "O": 6,
        "MI": 5,
        "I": 1
      }
    },
    {
      "orientation": [
        0,
        0,
        0,
        1,
        1,
        1,
        0,
        1,
        0,
        0,
        0,
        0,
        0,
        0,
        0,
        0,
        1,
        0,
        1,
        0,
        0,
        1,
        1,
        0,
        1,
        0,
        0,
        1,
        1,
        1,
        0,
        0
      ],
      "metrics": {
        "chi2": 2.290322580645161,
        "asym": -3,
        "m_score": 10,
        "kac": -0.46236767819336616
      },
      "per_axis": [
        "chi2:equal",
        "asym:worse",
        "m_score:worse",
        "kac:worse"
      ],
      "pareto": "dominated-by-kw",
      "hamming_from_kw": 12,
      "w_seq": 0.3,
      "w_dist": 0.7,
      "label": "dist-heavy",
      "kernel_distribution": {
        "M": 5,
        "OM": 2,
        "OI": 3,
        "OMI": 4,
        "I": 3,
        "O": 5,
        "MI": 4,
        "id": 5
      }
    },
    {
      "orientation": [
        0,
        0,
        0,
        0,
        0,
        1,
        1,
        0,
        0,
        0,
        0,
        0,
        0,
        0,
        0,
        0,
        0,
        1,
        0,
        1,
        1,
        1,
        0,
        1,
        1,
        0,
        0,
        0,
        0,
        0,
        0,
        0
      ],
      "metrics": {
        "chi2": 3.32258064516129,
        "asym": 3,
        "m_score": 11,
        "kac": -0.3708148148148148
      },
      "per_axis": [
        "chi2:worse",
        "asym:equal",
        "m_score:worse",
        "kac:worse"
      ],
      "pareto": "dominated-by-kw",
      "hamming_from_kw": 8,
      "w_seq": 0.0,
      "w_dist": 1.0,
      "label": "pure distributional",
      "kernel_distribution": {
        "M": 5,
        "OM": 4,
        "OMI": 3,
        "O": 5,
        "id": 5,
        "OI": 2,
        "MI": 5,
        "I": 2
      }
    }
  ],
  "R2-D": [
    {
      "orientation": [
        0,
        0,
        0,
        1,
        0,
        1,
        0,
        1,
        0,
        0,
        0,
        1,
        0,
        0,
        0,
        0,
        1,
        1,
        1,
        1,
        1,
        1,
        0,
        0,
        0,
        0,
        0,
        1,
        1,
        1,
        0,
        0
      ],
      "metrics": {
        "chi2": 8.483870967741936,
        "asym": -2,
        "m_score": 12,
        "kac": -0.6658075601374571
      },
      "per_axis": [
        "chi2:worse",
        "asym:worse",
        "m_score:equal",
        "kac:better"
      ],
      "pareto": "trade-off",
      "hamming_from_kw": 13,
      "lower_pref": "low",
      "label": "upper-high/lower-low"
    },
    {
      "orientation": [
        0,
        0,
        0,
        1,
        0,
        1,
        0,
        1,
        0,
        0,
        0,
        1,
        0,
        0,
        0,
        0,
        1,
        1,
        1,
        1,
        1,
        1,
        0,
        0,
        0,
        0,
        0,
        1,
        1,
        1,
        0,
        0
      ],