{
  "kw_baseline": {
    "chi2": 2.290322580645161,
    "asym": 3,
    "m_score": 12,
    "kac": -0.46437136627906966
  },
  "R2-E-fixed": [
    {
      "orientation": [
        0,
        0,
        0,
        0,
        0,
        0,
        0,
        0,
        0,
        0,
        1,
        1,
        1,
        0,
        0,
        0,
        0,
        0,
        0,
        0,
        0,
        1,
        0,
        0,
        0,
        1,
        1,
        0,
        0,
        0,
        0,
        0
      ],
      "metrics": {
        "chi2": 0.22580645161290322,
        "asym": 7,
        "m_score": 10,
        "kac": -0.3650311526479751
      },
      "per_axis": [
        "chi2:better",
        "asym:better",
        "m_score:worse",
        "kac:worse"
      ],
      "pareto": "trade-off",
      "hamming_from_kw": 6,
      "weights": [
        0.25,
        0.25,
        0.25,
        0.25
      ],
      "label": "equal",
      "scalar_value": -0.9635377613230877,
      "kw_distance": 1.6321324269712958
    },
    {
      "orientation": [
        0,
        0,
        0,
        0,
        0,
        0,
        0,
        0,
        0,
        0,
        1,
        1,
        1,
        0,
        0,
        0,
        0,
        0,
        0,
        0,
        0,
        1,
        0,
        0,
        0,
        1,
        1,
        0,
        0,
        0,
        0,
        0
      ],
      "metrics": {
        "chi2": 0.22580645161290322,
        "asym": 7,
        "m_score": 10,
        "kac": -0.3650311526479751
      },
      "per_axis": [
        "chi2:better",
        "asym:better",
        "m_score:worse",
        "kac:worse"
      ],
      "pareto": "trade-off",
      "hamming_from_kw": 6,
      "weights": [
        0.4,
        0.1,
        0.1,
        0.4
      ],
      "label": "chi2+kac heavy",
      "scalar_value": -0.5916604181169403,
      "kw_distance": 1.6321324269712958
    },
    {
      "orientation": [
        0,
        0,
        0,
        0,
        0,
        0,
        1,
        0,
        0,
        0,
        1,
        1,
        1,
        0,
        0,
        0,
        0,
        0,
        0,
        0,
        0,
        1,
        0,
        0,
        1,
        0,
        0,
        0,
        0,
        0,
        0,
        1
      ],
      "metrics": {
        "chi2": 3.32258064516129,
        "asym": 10,
        "m_score": 8,
        "kac": -0.22460709759188846
      },
      "per_axis": [
        "chi2:worse",
        "asym:better",
        "m_score:worse",
        "kac:worse"
      ],
      "pareto": "trade-off",
      "hamming_from_kw": 7,
      "weights": [
        0.1,
        0.4,
        0.4,
        0.1
      ],
      "label": "asym+m heavy",
      "scalar_value": -1.5032975678065765,
      "kw_distance": 2.454643822724669
    },
    {
      "orientation": [
        0,
        0,
        1,
        0,
        1,
        1,
        1,
        1,
        1,
        1,
        1,
        1,
        1,
        0,
        0,
        0,
        0,
        1,
        1,
        1,
        1,
        0,
        0,
        1,
        1,
        1,
        1,
        0,
        0,
        1,
        0,
        0
      ],
      "metrics": {
        "chi2": 0.22580645161290322,
        "asym": -2,
        "m_score": 8,
        "kac": -0.5895638629283492
      },
      "per_axis": [
        "chi2:better",
        "asym:worse",
        "m_score:worse",
        "kac:better"
      ],
      "pareto": "trade-off",
      "hamming_from_kw": 19,
      "weights": [
        0.5,
        0.0,
        0.0,
        0.5
      ],
      "label": "chi2+kac only",
      "scalar_value": -0.5855020463853366,
      "kw_distance": 1.9427063324422202
    },
    {
      "orientation": [
        0,
        0,
        0,
        0,
        0,
        0,
        1,
        0,
        0,
        0,
        1,
        1,
        1,
        0,
        0,
        0,
        0,
        0,
        0,
        1,
        1,
        1,
        0,
        0,
        1,
        0,
        0,
        1,
        1,
        0,
        0,
        1
      ],
      "metrics": {
        "chi2": 11.580645161290324,
        "asym": 10,
        "m_score": 8,
        "kac": -0.2313648807195932
      },
      "per_axis": [
        "chi2:worse",
        "asym:better",
        "m_score:worse",
        "kac:worse"
      ],
      "pareto": "trade-off",
      "hamming_from_kw": 11,
      "weights": [
        0.0,
        0.5,
        0.5,
        0.0
      ],
      "label": "asym+m only",
      "scalar_value": -2.0,
      "kw_distance": 4.71817808424337
    },
    {
      "orientation": [
        0,
        0,
        0,
        0,
        0,
        0,
        0,
        0,
        0,
        0,
        1,
        1,
        1,
        0,
        0,
        0,
        0,
        0,
        0,
        0,
        0,
        1,
        0,
        0,
        0,
        1,
        1,
        0,
        0,
        0,
        0,
        0
      ],
      "metrics": {
        "chi2": 0.22580645161290322,
        "asym": 7,
        "m_score": 10,
        "kac": -0.3650311526479751
      },
      "per_axis": [
        "chi2:better",
        "asym:better",
        "m_score:worse",
        "kac:worse"
      ],
      "pareto": "trade-off",
      "hamming_from_kw": 6,
      "weights": [
        0.3,
        0.2,
        0.2,
        0.3
      ],
      "label": "balanced kernel+face",
      "scalar_value": -0.8395786469210385,
      "kw_distance": 1.6321324269712958
    },
    {
      "orientation": [
        0,
        0,
        0,
        0,
        0,
        0,
        1,
        0,
        0,
        0,
        1,
        1,
        1,
        0,
        0,
        0,
        0,
        0,
        0,
        0,
        0,
        1,
        0,
        0,
        0,
        1,
        1,
        0,
        0,
        0,
        0,
        0
      ],
      "metrics": {
        "chi2": 0.7419354838709677,
        "asym": 8,
        "m_score": 9,
        "kac": -0.3469851213782303
      },
      "per_axis": [
        "chi2:better",
        "asym:better",
        "m_score:worse",
        "kac:worse"
      ],
      "pareto": "trade-off",
      "hamming_from_kw": 7,
      "weights": [
        0.2,
        0.3,
        0.2,
        0.3
      ],
      "label": "asym+kac emphasis",
      "scalar_value": -1.109375684218073,
      "kw_distance": 1.8333658518469274
    },
    {
      "orientation": [
        0,
        0,
        0,
        0,
        0,
        0,
        1,
        0,
        0,
        0,
        1,
        1,
        1,
        0,
        0,
        0,
        0,
        0,
        1,
        0,
        0,
        1,
        0,
        0,
        0,
        1,
        1,
        0,
        0,
        0,
        0,
        0
      ],
      "metrics": {
        "chi2": 0.7419354838709677,
        "asym": 7,
        "m_score": 8,
        "kac": -0.4567477729025396
      },
      "per_axis": [
        "chi2:better",
        "asym:better",
        "m_score:worse",
        "kac:worse"
      ],
      "pareto": "trade-off",
      "hamming_from_kw": 8,
      "weights": [
        0.35,
        0.15,
        0.15,
        0.35
      ],
      "label": "strong kernel",
      "scalar_value": -0.6808737617855243,
      "kw_distance": 1.5317345003550729
    },
    {
      "orientation": [
        0,
        0,
        0,
        0,
        0,
        0,
        1,
        0,
        0,
        0,
        1,
        1,
        1,
        0,
        0,
        0,
        0,
        0,
        0,
        0,
        0,
        1,
        0,
        0,
        0,
        1,
        1,
        0,
        0,
        0,
        0,
        1
      ],
      "metrics": {
        "chi2": 1.2580645161290323,
        "asym": 9,
        "m_score": 8,
        "kac": -0.2623069936421435
      },