{
  "dominators": [
    {
      "free_bit_combo": [
        17,
        26
      ],
      "label": "ham-2",
      "pair_indices": [
        21,
        29,
        30
      ],
      "hamming": 2,
      "orientation": [
        0,
        0,
        0,
        0,
        0,
        0,
        0,
        0,
        0,
        0,
        0,
        0,
        0,
        0,
        0,
        0,
        0,
        0,
        0,
        0,
        0,
        1,
        0,
        0,
        0,
        0,
        0,
        0,
        0,
        1,
        0,
        0
      ],
      "metrics": {
        "chi2": 2.290322580645161,
        "asym": 3,
        "m_score": 12,
        "kac": -0.4742466877711337
      }
    },
    {
      "free_bit_combo": [
        9,
        10,
        16,
        17
      ],
      "label": "ham-4a",
      "pair_indices": [
        9,
        10,
        18,
        21
      ],
      "hamming": 4,
      "orientation": [
        0,
        0,
        0,
        0,
        0,
        0,
        0,
        0,
        0,
        1,
        1,
        0,
        0,
        0,
        0,
        0,
        0,
        0,
        1,
        0,
        0,
        1,
        0,
        0,
        0,
        0,
        0,
        0,
        0,
        0,
        0,
        0
      ],
      "metrics": {
        "chi2": 1.7741935483870968,
        "asym": 3,
        "m_score": 12,
        "kac": -0.47423187218353147
      }
    },
    {
      "free_bit_combo": [
        9,
        17,
        23,
        24
      ],
      "label": "ham-6a",
      "pair_indices": [
        9,
        21,
        19,
        20,
        25,
        26
      ],
      "hamming": 6,
      "orientation": [
        0,
        0,
        0,
        0,
        0,
        0,
        0,
        0,
        0,
        1,
        0,
        0,
        0,
        0,
        0,
        0,
        0,
        0,
        0,
        1,
        1,
        1,
        0,
        0,
        0,
        1,
        1,
        0,
        0,
        0,
        0,
        0
      ],
      "metrics": {
        "chi2": 1.2580645161290323,
        "asym": 3,
        "m_score": 12,
        "kac": -0.5469486081370449
      }
    },
    {
      "free_bit_combo": [
        0,
        6,
        9,
        17,
        23
      ],
      "label": "ham-6b",
      "pair_indices": [
        0,
        6,
        9,
        21,
        19,
        20
      ],
      "hamming": 6,
      "orientation": [
        1,
        0,
        0,
        0,
        0,
        0,
        1,
        0,
        0,
        1,
        0,
        0,
        0,
        0,
        0,
        0,
        0,
        0,
        0,
        1,
        1,
        1,
        0,
        0,
        0,
        0,
        0,
        0,
        0,
        0,
        0,
        0
      ],
      "metrics": {
        "chi2": 2.290322580645161,
        "asym": 3,
        "m_score": 12,
        "kac": -0.5127493917274941
      }
    },
    {
      "free_bit_combo": [
        6,
        9,
        15,
        17,
        23
      ],
      "label": "ham-6c",
      "pair_indices": [
        6,
        9,
        17,
        21,
        19,
        20
      ],
      "hamming": 6,
      "orientation": [
        0,
        0,
        0,
        0,
        0,
        0,
        1,
        0,
        0,
        1,
        0,
        0,
        0,
        0,
        0,
        0,
        0,
        1,
        0,
        1,
        1,
        1,
        0,
        0,
        0,
        0,
        0,
        0,
        0,
        0,
        0,
        0
      ],
      "metrics": {
        "chi2": 2.290322580645161,
        "asym": 3,
        "m_score": 12,
        "kac": -0.5386703096539162
      }
    },
    {
      "free_bit_combo": [
        9,
        10,
        16,
        17,
        23
      ],
      "label": "ham-6d",
      "pair_indices": [
        9,
        10,
        18,
        21,
        19,
        20
      ],
      "hamming": 6,
      "orientation": [
        0,
        0,
        0,
        0,
        0,
        0,
        0,
        0,
        0,
        1,
        1,
        0,
        0,
        0,
        0,
        0,
        0,
        0,
        1,
        1,
        1,
        1,
        0,
        0,
        0,
        0,
        0,
        0,
        0,
        0,
        0,
        0
      ],
      "metrics": {
        "chi2": 1.7741935483870968,
        "asym": 3,
        "m_score": 12,
        "kac": -0.47520726652036077
      }
    },
    {
      "free_bit_combo": [
        9,
        11,
        17,
        23,
        24
      ],
      "label": "ham-7",
      "pair_indices": [
        9,
        11,
        21,
        19,
        20,
        25,
        26
      ],
      "hamming": 7,
      "orientation": [
        0,
        0,
        0,
        0,
        0,
        0,
        0,
        0,
        0,
        1,
        0,
        1,
        0,
        0,
        0,
        0,
        0,
        0,
        0,
        1,
        1,
        1,
        0,
        0,
        0,
        1,
        1,
        0,
        0,
        0,
        0,
        0
      ],
      "metrics": {
        "chi2": 2.290322580645161,
        "asym": 4,
        "m_score": 12,
        "kac": -0.5184887869520898
      }
    },
    {
      "free_bit_combo": [
        9,
        15,
        17,
        20,
        23
      ],
      "label": "ham-6e",
      "pair_indices": [
        9,
        17,
        21,
        24,
        19,
        20
      ],
      "hamming": 6,
      "orientation": [
        0,
        0,
        0,
        0,
        0,
        0,
        0,
        0,
        0,
        1,
        0,
        0,
        0,
        0,
        0,
        0,
        0,
        1,
        0,
        1,
        1,
        1,
        0,
        0,
        1,
        0,
        0,
        0,
        0,
        0,
        0,
        0
      ],
      "metrics": {
        "chi2": 2.290322580645161,
        "asym": 3,
        "m_score": 12,
        "kac": -0.5241559345631744
      }
    },
    {
      "free_bit_combo": [
        9,
        15,
        17,
        21,
        23
      ],
      "label": "ham-6f",
      "pair_indices": [
        9,
        17,
        21,
        31,
        19,
        20
      ],
      "hamming": 6,
      "orientation": [
        0,
        0,
        0,
        0,
        0,
        0,
        0,
        0,
        0,
        1,
        0,
        0,
        0,
        0,
        0,
        0,
        0,
        1,
        0,
        1,
        1,
        1,
        0,
        0,
        0,
        0,
        0,
        0,
        0,
        0,
        0,
        1
      ],
      "metrics": {
        "chi2": 2.290322580645161,
        "asym": 3,
        "m_score": 12,
        "kac": -0.5250312812812813
      }
    },
    {
      "free_bit_combo": [
        9,
        10,
        11,
        16,
        17,
        26
      ],
      "label": "ham-6g",
      "pair_indices": [
        9,
        10,
        11,
        18,
        21,
        29,
        30
      ],
      "hamming": 6,
      "orientation": [
        0,
        0,
        0,
        0,
        0,
        0,
        0,
        0,
        0,
        1,
        1,
        1,
        0,
        0,
        0,
        0,
        0,
        0,
        1,
        0,
        0,
        1,
        0,
        0,
        0,
        0,
        0,
        0,
        0,
        1,
        0,
        0
      ],
      "metrics": {
        "chi2": 1.7741935483870968,
        "asym": 3,
        "m_score": 12,
        "kac": -0.47734547461368637
      }
    },
    {
      "free_bit_combo": [
        9,
        11,
        15,
        17,
        23,
        24
      ],
      "label": "ham-8a",
      "pair_indices": [
        9,
        11,
        17,
        21,
        19,
        20,
        25,
        26
      ],
      "hamming": 8,