{
  "guaci": {
    "n_pca_components": 38,
    "per_coordinate": {
      "basin": {
        "pseudo_F": 1.006693895717514,
        "p_value": 0.419,
        "R2": 0.03195174647805071
      },
      "depth": {
        "pseudo_F": 0.8854682870696666,
        "p_value": 0.93,
        "R2": 0.028212683620669955
      },
      "i_component": {
        "pseudo_F": 1.1075778190235692,
        "p_value": 0.191,
        "R2": 0.017550631117546928
      },
      "surface_relation": {
        "pseudo_F": 1.0403973122413746,
        "p_value": 0.256,
        "R2": 0.06588797556314908
      },
      "palace": {
        "pseudo_F": 1.053647823132667,
        "p_value": 0.16,
        "R2": 0.11637826472999395
      }
    },
    "joint_R2": 0.3595983488547698,
    "residual_thickness": 0.6404016511452302
  },
  "yaoci": {
    "n_pca_components": 139,
    "position_permanova": {
      "pseudo_F": 1.1997036710254152,
      "p_value": 0.001,
      "R2": 0.015621201823439236
    },
    "per_coordinate": {
      "basin": {
        "pseudo_F": 1.3310908598363898,
        "p_value": 0.001,
        "R2": 0.006938869261859991
      },
      "surface_relation": {
        "pseudo_F": 1.362008589227643,
        "p_value": 0.001,
        "R2": 0.014171055305364815
      },
      "palace": {
        "pseudo_F": 1.2908054965014404,
        "p_value": 0.001,
        "R2": 0.02346701856297073
      }
    },
    "rda_algebraic_R2": 0.09288153868338464,
    "rda_position_R2": 0.017964153230922368,
    "rda_joint_R2": 0.11086260098848234,
    "residual_thickness": 0.8891373990115177
  }
}