{
  "silhouette_scores": {
    "2": 0.05805940181016922,
    "3": 0.051815666258335114,
    "4": 0.04776342585682869,
    "5": 0.046147480607032776,
    "6": 0.049606211483478546,
    "7": 0.04068029299378395,
    "8": 0.03179295361042023,
    "9": 0.03591606765985489,
    "10": 0.038428641855716705
  },
  "optimal_k": 2,
  "assignments": {
    "kmeans": [
      1,
      0,
      0,
      1,
      0,
      1,
      0,
      0,
      1,
      0,
      0,
      0,
      0,
      0,
      0,
      1,
      0,
      0,
      0,
      1,
      1,
      1,
      0,
      1,
      1,
      0,
      0,
      1,
      1,
      1,
      0,
      0,
      0,
      1,
      0,
      0,
      0,
      0,
      1,
      1,
      0,
      0,
      0,
      0,
      1,
      1,
      1,
      1,
      0,
      0,
      1,
      1,
      1,
      1,
      0,
      0,
      0,
      1,
      0,
      0,
      1,
      1,
      0,
      1
    ],
    "ward": [
      0,
      1,
      1,
      0,
      1,
      0,
      0,
      0,
      1,
      1,
      1,
      1,
      0,
      1,
      1,
      0,
      1,
      0,
      1,
      1,
      0,
      0,
      1,
      0,
      0,
      1,
      1,
      0,
      0,
      0,
      1,
      1,
      1,
      0,
      1,
      1,
      1,
      0,
      0,
      0,
      1,
      1,
      1,
      0,
      0,
      0,
      0,
      0,
      1,
      1,
      0,
      0,
      0,
      0,
      0,
      1,
      1,
      0,
      1,
      1,
      0,
      0,
      1,
      0
    ],
    "complete": [
      1,
      1,
      1,
      0,
      1,
      1,
      0,
      0,
      0,
      0,
      1,
      1,
      1,
      0,
      1,
      1,
      1,
      0,
      1,
      1,
      1,
      1,
      1,
      1,
      1,
      1,
      1,
      1,
      1,
      1,
      1,
      1,
      1,
      1,
      1,
      1,
      1,
      0,
      0,
      1,
      0,
      0,
      1,
      0,
      0,
      1,
      0,
      0,
      1,
      1,
      1,
      1,
      1,
      1,
      0,
      0,
      1,
      0,
      1,
      1,
      1,
      1,
      1,
      1
    ],
    "average": [
      0,
      0,
      0,
      0,
      0,
      0,
      0,
      0,
      0,
      0,
      0,
      0,
      0,
      0,
      0,
      0,
      0,
      0,
      0,
      0,
      0,
      0,
      0,
      0,
      0,
      0,
      0,
      0,
      0,
      0,
      0,
      0,
      0,
      0,
      0,
      0,
      0,
      0,
      0,
      0,
      1,
      0,
      0,
      0,
      0,
      0,
      0,
      0,
      0,
      0,
      0,
      0,
      0,
      0,
      0,
      0,
      0,
      0,
      0,
      0,
      0,
      0,
      0,
      0
    ],
    "dbscan": [
      0,
      0,
      0,
      0,
      0,
      0,
      0,
      0,
      0,
      0,
      0,
      0,
      0,
      0,
      0,
      0,
      0,
      0,
      0,
      0,
      0,
      0,
      0,
      0,
      0,
      0,
      0,
      0,
      0,
      0,
      0,
      0,
      0,
      0,
      0,
      0,
      0,
      0,
      0,
      0,
      0,
      0,
      0,
      0,
      0,
      0,
      0,
      0,
      0,
      0,
      0,
      0,
      0,
      0,
      0,
      0,
      0,
      0,
      0,
      0,
      0,
      0,
      0,
      0
    ]
  },
  "stability": {
    "kmeans_vs_ward": 0.5089285714285714,
    "kmeans_vs_complete": -0.015873015873015872,
    "kmeans_vs_average": -0.006944444444444444,
    "ward_vs_complete": 0.011555178628220078,
    "ward_vs_average": 0.002017978352595854,
    "complete_vs_average": 0.047959487637771823
  },
  "clusters": [
    {
      "id": 0,
      "size": 36,
      "nearest_3": [
        "謙",
        "睽",
        "坤"
      ],
      "farthest_3": [
        "既濟",
        "益",
        "損"
      ],
      "members": [
        {
          "hex_val": 4,
          "kw_number": 15,
          "name": "謙",
          "text": "亨，君子有終。",
          "dist_to_centroid": 0.4799320697784424
        },
        {
          "hex_val": 43,
          "kw_number": 38,
          "name": "睽",
          "text": "小事吉。",
          "dist_to_centroid": 0.5410863161087036
        },
        {
          "hex_val": 0,
          "kw_number": 2,
          "name": "坤",
          "text": "元亨，利牝馬之貞。君子有攸往，先迷後得主，利。西南得朋，東北喪朋。安貞吉。",
          "dist_to_centroid": 0.5533635020256042
        },
        {
          "hex_val": 7,
          "kw_number": 11,
          "name": "泰",
          "text": "小往大來，吉亨。",
          "dist_to_centroid": 0.5571867823600769
        },
        {
          "hex_val": 25,
          "kw_number": 17,
          "name": "隨",
          "text": "元亨利貞，无咎。",
          "dist_to_centroid": 0.5645636320114136
        },
        {
          "hex_val": 5,
          "kw_number": 36,
          "name": "明夷",
          "text": "利艱貞。",
          "dist_to_centroid": 0.5770783424377441
        },
        {
          "hex_val": 61,
          "kw_number": 13,
          "name": "同人",
          "text": "同人于野，亨。利涉大川，利君子貞。",
          "dist_to_centroid": 0.5814643502235413
        },
        {
          "hex_val": 33,
          "kw_number": 27,
          "name": "頤",
          "text": "貞吉。觀頤，自求口實。",
          "dist_to_centroid": 0.5841471552848816
        },
        {
          "hex_val": 28,
          "kw_number": 31,
          "name": "咸",
          "text": "亨，利貞，取女吉。",
          "dist_to_centroid": 0.5865467190742493
        },
        {
          "hex_val": 54,
          "kw_number": 57,
          "name": "巽",
          "text": "小亨，利有攸往，利見大人。",
          "dist_to_centroid": 0.5954607129096985
        },
        {
          "hex_val": 60,
          "kw_number": 33,
          "name": "遯",
          "text": "亨，小利貞。",
          "dist_to_centroid": 0.5976561307907104
        },
        {
          "hex_val": 50,
          "kw_number": 59,
          "name": "渙",
          "text": "亨。王假有廟，利涉大川，利貞。",
          "dist_to_centroid": 0.599590003490448
        },
        {
          "hex_val": 31,
          "kw_number": 43,
          "name": "夬",
          "text": "揚于王庭，孚號有厲。告自邑，不利即戎，利有攸往。",
          "dist_to_centroid": 0.6002126932144165
        },
        {
          "hex_val": 38,
          "kw_number": 18,
          "name": "蠱",
          "text": "元亨，利涉大川。先甲三日，後甲三日。",
          "dist_to_centroid": 0.6087223887443542
        },
        {
          "hex_val": 3,
          "kw_number": 19,
          "name": "臨",
          "text": "元亨利貞。至于八月有凶。",
          "dist_to_centroid": 0.6146336793899536
        },
        {
          "hex_val": 46,
          "kw_number": 50,
          "name": "鼎",
          "text": "元吉，亨。",
          "dist_to_centroid": 0.6190894842147827
        },
        {
          "hex_val": 56,
          "kw_number": 12,
          "name": "否",
          "text": "否之匪人，不利君子貞，大往小來。",
          "dist_to_centroid": 0.622818112373352
        },
        {
          "hex_val": 16,
          "kw_number": 8,
          "name": "比",
          "text": "吉。原筮元永貞，无咎。不寧方來，後夫凶。",
          "dist_to_centroid": 0.6246691346168518
        },
        {
          "hex_val": 39,
          "kw_number": 26,
          "name": "大畜",
          "text": "利貞，不家食吉，利涉大川。",
          "dist_to_centroid": 0.6269209980964661
        },
        {
          "hex_val": 47,
          "kw_number": 14,
          "name": "大有",
          "text": "元亨。",
          "dist_to_centroid": 0.629680871963501
        },
        {
          "hex_val": 14,
          "kw_number": 32,
          "name": "恆",
          "text": "亨，无咎，利貞，利有攸往。",
          "dist_to_centroid": 0.6363672614097595
        },
        {
          "hex_val": 2,
          "kw_number": 7,
          "name": "師",
          "text": "貞，丈人吉，无咎。",
          "dist_to_centroid": 0.6379782557487488
        },
        {
          "hex_val": 53,
          "kw_number": 37,
          "name": "家人",
          "text": "利女貞。",
          "dist_to_centroid": 0.6389155983924866
        },
        {
          "hex_val": 29,