{
  "part1": {
    "1a": {
      "tensor": {
        "比和,比和,比和": 32,
        "比和,比和,生": 16,
        "比和,比和,克": 48,
        "比和,生,比和": 40,
        "比和,生,生": 48,
        "比和,生,克": 56,
        "比和,克,比和": 84,
        "比和,克,生": 104,
        "比和,克,克": 76,
        "生,比和,比和": 16,
        "生,比和,生": 60,
        "生,比和,克": 68,
        "生,生,比和": 48,
        "生,生,生": 156,
        "生,生,克": 132,
        "生,克,比和": 104,
        "生,克,生": 168,
        "生,克,克": 112,
        "克,比和,比和": 48,
        "克,比和,生": 68,
        "克,比和,克": 148,
        "克,生,比和": 56,
        "克,生,生": 132,
        "克,生,克": 196,
        "克,克,比和": 76,
        "克,克,生": 112,
        "克,克,克": 100
      },
      "total_paths": 2304,
      "forbidden_triples": []
    },
    "1b": {
      "edge_counts": [
        [
          16,
          24,
          44
        ],
        [
          24,
          56,
          64
        ],
        [
          44,
          64,
          48
        ]
      ],
      "markov_matrix": [
        [
          0.19047619047619047,
          0.2857142857142857,
          0.5238095238095238
        ],
        [
          0.16666666666666666,
          0.3888888888888889,
          0.4444444444444444
        ],
        [
          0.28205128205128205,
          0.41025641025641024,
          0.3076923076923077
        ]
      ],
      "eigenvalues": [
        1.0,
        -0.18138135758044913,
        0.06843874463783618
      ],
      "stationary": [
        0.2187499999999999,
        0.3750000000000001,
        0.40624999999999994
      ],
      "proportional": [
        0.21875,
        0.375,
        0.40625
      ]
    },
    "1c": {
      "Q6": 1.791759469228055,
      "比和_OR-sym": 1.2977439159141912,
      "生_OR-sym": 1.5031648479649993,
      "克_OR-sym": 1.5451064838170223,
      "比和_AND-sym": 0.6931471805599451,
      "生_AND-sym": 1.029122464598746,
      "克_AND-sym": 0.8277854153395774,
      "比和_directed": 0.6931471805599453,
      "生_directed": 1.0291224645987445,
      "克_directed": 0.827785415339579
    },
    "1d": {
      "1": {
        "比和": 0,
        "生": 0,
        "克": 0,
        "Q6": 0
      },
      "2": {
        "比和": 152,
        "生": 232,
        "克": 264,
        "Q6": 384
      },
      "3": {
        "比和": 0,
        "生": 0,
        "克": 0,
        "Q6": 0
      },
      "4": {
        "比和": 1232,
        "生": 2384,
        "克": 2840,
        "Q6": 6144
      },
      "5": {
        "比和": 0,
        "生": 0,
        "克": 0,
        "Q6": 0
      },
      "6": {
        "比和": 11744,
        "生": 32800,
        "克": 41424,
        "Q6": 144384
      },
      "7": {
        "比和": 0,
        "生": 0,
        "克": 0,
        "Q6": 0
      },
      "8": {
        "比和": 123456,
        "生": 526464,
        "克": 709240,
        "Q6": 4153344
      },
      "9": {
        "比和": 0,
        "生": 0,
        "克": 0,
        "Q6": 0
      },
      "10": {
        "比和": 1387392,
        "生": 9206112,
        "克": 13326584,
        "Q6": 133545984
      },
      "11": {
        "比和": 0,
        "生": 0,
        "克": 0,
        "Q6": 0
      },
      "12": {
        "比和": 16362752,
        "生": 169242752,
        "克": 265365584,
        "Q6": 4555014144
      },
      "13": {
        "比和": 0,
        "生": 0,
        "克": 0,
        "Q6": 0
      },
      "14": {
        "比和": 199939584,
        "生": 3208705088,
        "克": 5483256056,
        "Q6": 159950045184
      },
      "15": {
        "比和": 0,
        "生": 0,
        "克": 0,
        "Q6": 0
      },
      "16": {
        "比和": 2506966016,
        "生": 62056856320,
        "克": 115988970232,
        "Q6": 5693761388544
      },
      "17": {
        "比和": 0,
        "生": 0,
        "克": 0,
        "Q6": 0
      },
      "18": {
        "比和": 32023181312,
        "生": 1216247374336,
        "克": 2489845693200,
        "Q6": 203944554921984
      },
      "19": {
        "比和": 0,
        "生": 0,
        "克": 0,
        "Q6": 0
      },
      "20": {
        "比和": 414510436352,
        "生": 24054783055104,
        "克": 53936627639800,
        "Q6": 7325511051116544
      }
    }
  },
  "part2": {
    "2a": {
      "1": {
        "比和": {
          "trace": 0,
          "total": 4
        },
        "生": {
          "trace": 0,
          "total": 8
        },
        "克": {
          "trace": 0,
          "total": 12
        }
      },
      "2": {
        "比和": {
          "trace": 4,
          "total": 4
        },
        "生": {
          "trace": 8,
          "total": 12
        },
        "克": {
          "trace": 12,
          "total": 20
        }
      },
      "3": {
        "比和": {
          "trace": 0,
          "total": 4
        },
        "生": {
          "trace": 0,
          "total": 16
        },
        "克": {
          "trace": 0,
          "total": 32
        }
      },
      "4": {
        "比和": {
          "trace": 4,
          "total": 4
        },
        "生": {
          "trace": 16,
          "total": 24
        },
        "克": {
          "trace": 28,
          "total": 52
        }
      },
      "5": {
        "比和": {
          "trace": 0,
          "total": 4
        },
        "生": {
          "trace": 0,
          "total": 32
        },
        "克": {
          "trace": 0,
          "total": 84
        }
      },
      "6": {
        "比和": {
          "trace": 4,
          "total": 4
        },
        "生": {
          "trace": 32,
          "total": 48
        },
        "克": {
          "trace": 72,
          "total": 136
        }
      },
      "7": {
        "比和": {
          "trace": 0,
          "total": 4
        },
        "生": {
          "trace": 0,
          "total": 64
        },
        "克": {
          "trace": 0,
          "total": 220
        }
      },
      "8": {
        "比和": {
          "trace": 4,
          "total": 4
        },
        "生": {
          "trace": 64,
          "total": 96
        },
        "克": {
          "trace": 188,
          "total": 356
        }
      },
      "9": {
        "比和": {
          "trace": 0,
          "total": 4
        },
        "生": {
          "trace": 0,
          "total": 128
        },
        "克": {
          "trace": 0,
          "total": 576
        }
      },
      "10": {
        "比和": {
          "trace": 4,
          "total": 4
        },
        "生": {
          "trace": 128,
          "total": 192
        },
        "克": {
          "trace": 492,
          "total": 932
        }
      },
      "11": {
        "比和": {
          "trace": 0,
          "total": 4
        },
        "生": {
          "trace": 0,
          "total": 256
        },
        "克": {
          "trace": 0,
          "total": 1508
        }
      },
      "12": {
        "比和": {
          "trace": 4,
          "total": 4
        },
        "生": {
          "trace": 256,
          "total": 384
        },
        "克": {
          "trace": 1288,
          "total": 2440
        }
      },
      "13": {
        "比和": {
          "trace": 0,
          "total": 4
        },
        "生": {
          "trace": 0,
          "total": 512
        },
        "克": {
          "trace": 0,
          "total": 3948
        }
      },
      "14": {
        "比和": {
          "trace": 4,
          "total": 4
        },
        "生": {
          "trace": 512,
          "total": 768
        },
        "克": {
          "trace": 3372,
          "total": 6388
        }
      },
      "15": {
        "比和": {
          "trace": 0,
          "total": 4
        },
        "生": {
          "trace": 0,
          "total": 1024
        },
        "克": {
          "trace": 0,
          "total": 10336
        }
      },
      "16": {
        "比和": {
          "trace": 4,
          "total": 4
        },
        "生": {
          "trace": 1024,
          "total": 1536
        },
        "克": {
          "trace": 8828,
          "total": 16724
        }
      },
      "17": {
        "比和": {
          "trace": 0,
          "total": 4
        },
        "生": {
          "trace": 0,