{
  "triple_null_dim": 5,
  "triple_null_in_weight3": true,
  "weight3_dim": 20,
  "invisible_dim": 5,
  "visible_dim": 15,
  "model_results": {
    "bge-m3": {
      "emb_shape": [
        64,
        1024
      ],
      "var_total": 7.531048774719238,
      "var_w3_total": 2.5320502270917875,
      "var_w3_fraction": 0.3362148225080621,
      "var_invisible": 0.6189839459064533,
      "var_visible": 1.9130662811853343,
      "f_invisible": 0.2444595842861276,
      "f_expected": 0.25,
      "ratio_to_expected": 0.9778383371445104,
      "percentile": 35.510000000000005,
      "null_mean": 0.2501277066307017,
      "null_std": 0.01452690407571159,
      "z_score": -0.3901810265306972,
      "verdict": "NO significant alignment"
    },
    "e5-large": {
      "emb_shape": [
        64,
        1024
      ],
      "var_total": 2.138455867767334,
      "var_w3_total": 0.6997937922329253,
      "var_w3_fraction": 0.3272425691737789,
      "var_invisible": 0.1688583914138603,
      "var_visible": 0.5309354008190651,
      "f_invisible": 0.24129735543246436,
      "f_expected": 0.25,
      "ratio_to_expected": 0.9651894217298574,
      "percentile": 25.34,
      "null_mean": 0.25023117519033583,
      "null_std": 0.013072047621988707,
      "z_score": -0.683429254254226,
      "verdict": "NO significant alignment"
    },
    "sikuroberta": {
      "emb_shape": [
        64,
        768
      ],
      "var_total": 7.141696929931641,
      "var_w3_total": 2.246576638220935,
      "var_w3_fraction": 0.3145718251925931,
      "var_invisible": 0.6411281359860768,
      "var_visible": 1.6054485022348584,
      "f_invisible": 0.2853800422734683,
      "f_expected": 0.25,
      "ratio_to_expected": 1.1415201690938732,
      "percentile": 96.76,
      "null_mean": 0.250153729838893,
      "null_std": 0.018296686145402648,
      "z_score": 1.9252837456266094,
      "verdict": "CONCENTRATES in invisible — ANTI-ALIGNED"
    }
  },
  "per_dimension": {
    "var_per_w3_dim": [
      0.13150943345510574,
      0.09505801942001621,
      0.1294802066524336,
      0.14926682273346625,
      0.12804817579560931,
      0.09773714325560168,
      0.14689761157038725,
      0.11912852794374895,
      0.08909273734280694,
      0.10498008042370947,
      0.10657055819037864,
      0.19500280830182834,
      0.11716063640031964,
      0.1458696518846055,
      0.1325803122398453,
      0.139883175488582,
      0.10841378194411953,
      0.12689305329438594,
      0.12037695082859702,
      0.14810053992624
    ],
    "invisible_fraction_per_dim": [
      0.6250000000000002,
      8.705203348630304e-32,
      0.12499999999999975,
      0.4999999999999999,
      2.5202377865715606e-32,
      0.5000000000000001,
      0.12499999999999994,
      4.6612206631574364e-32,
      1.8766080822176942e-31,
      0.6250000000000002,
      0.625,
      1.377039910236873e-31,
      4.7594543750669593e-32,
      0.12500000000000008,
      0.4999999999999999,
      1.5795634809513428e-32,
      0.49999999999999994,
      0.12499999999999979,
      6.052234850236891e-32,
      0.6250000000000002
    ],
    "bottom5_var_overlap_top5_inv": 3
  }
}