{
  "part1_type_flow": {
    "mixing_time": 5,
    "stationary": {
      "比和": 0.21875000000000008,
      "生": 0.37500000000000006,
      "克": 0.40625000000000006
    }
  },
  "part2_per_type": {
    "比和": {
      "1": {
        "nonzero_entries": 152,
        "fraction_same_type": 0.10526315789473684,
        "mutual_info_bits": 0.6037872040565347
      },
      "2": {
        "nonzero_entries": 466,
        "fraction_same_type": 0.4334763948497854,
        "mutual_info_bits": 0.24017784615895824
      },
      "3": {
        "nonzero_entries": 696,
        "fraction_same_type": 0.3218390804597701,
        "mutual_info_bits": 0.1755101213713036
      },
      "4": {
        "nonzero_entries": 1174,
        "fraction_same_type": 0.3321976149914821,
        "mutual_info_bits": 0.09463414441259248
      },
      "5": {
        "nonzero_entries": 1400,
        "fraction_same_type": 0.34285714285714286,
        "mutual_info_bits": 0.06952319971881302
      },
      "6": {
        "nonzero_entries": 1436,
        "fraction_same_type": 0.34818941504178275,
        "mutual_info_bits": 0.041721487873526975
      }
    },
    "生": {
      "1": {
        "nonzero_entries": 232,
        "fraction_same_type": 0.2413793103448276,
        "mutual_info_bits": 0.3591597676268819
      },
      "2": {
        "nonzero_entries": 706,
        "fraction_same_type": 0.42209631728045327,
        "mutual_info_bits": 0.09338216463252695
      },
      "3": {
        "nonzero_entries": 1264,
        "fraction_same_type": 0.37341772151898733,
        "mutual_info_bits": 0.035137566206922245
      },
      "4": {
        "nonzero_entries": 1762,
        "fraction_same_type": 0.33938706015891035,
        "mutual_info_bits": 0.013946162389147483
      },
      "5": {
        "nonzero_entries": 1904,
        "fraction_same_type": 0.36554621848739494,
        "mutual_info_bits": 0.005348195018108352
      },
      "6": {
        "nonzero_entries": 1920,
        "fraction_same_type": 0.3625,
        "mutual_info_bits": 0.002437990203106149
      }
    },
    "克": {
      "1": {
        "nonzero_entries": 264,
        "fraction_same_type": 0.18181818181818182,
        "mutual_info_bits": 0.44982104265237044
      },
      "2": {
        "nonzero_entries": 808,
        "fraction_same_type": 0.3811881188118812,
        "mutual_info_bits": 0.12750498542361283
      },
      "3": {
        "nonzero_entries": 1440,
        "fraction_same_type": 0.36666666666666664,
        "mutual_info_bits": 0.05740058628109808
      },
      "4": {
        "nonzero_entries": 1888,
        "fraction_same_type": 0.3241525423728814,
        "mutual_info_bits": 0.022948211893346143
      },
      "5": {
        "nonzero_entries": 2040,
        "fraction_same_type": 0.35294117647058826,
        "mutual_info_bits": 0.010495110130723198
      },
      "6": {
        "nonzero_entries": 2044,
        "fraction_same_type": 0.3542074363992172,
        "mutual_info_bits": 0.004728622232947181
      }
    }
  },
  "part3_eigenvalue_composition": {
    "比和": {
      "rho_coherent": 2.000000000000001,
      "rho_dark": 3.66102775698749,
      "dark_dominates_from": 1,
      "eigenvectors_preserved": true,
      "coherent_eigenvalues": [
        -2.000000000000001,
        -2.000000000000001,
        -2.0000000000000004,
        -1.9999999999999998,
        -1.6153513210320555e-15,
        -1.5872234542353831e-15,
        -1.1334996364974217e-15,
        -7.567281574113176e-16,
        -7.480864798855042e-16,
        -6.589565583394831e-16,
        -4.992931261837056e-16,
        -4.263046518675965e-16,
        -3.48873888101668e-16,
        -2.527566312620942e-16,
        -2.2673674505990458e-16,
        -1.8672867317225129e-16,
        -6.822306421789755e-17,
        -4.616932339459758e-17,
        -1.0345463697068599e-18,
        -6.710283236609304e-32,
        -4.3639182502030456e-32,
        -3.3526361548940654e-32,
        -2.9784878625847993e-32,
        -5.760711448232982e-33,
        3.123843870152924e-49,
        3.0091288193929734e-48,
        1.571468939945179e-32,
        4.5909837325782617e-32,
        2.0,
        2.0,
        2.000000000000001,
        2.000000000000001
      ],
      "dark_eigenvalues": [
        -3.66102775698749,
        -3.236067977499789,
        -2.8284271247461907,
        -2.8284271247461903,
        -2.8284271247461903,
        -2.8284271247461903,
        -1.4142135623730947,
        -1.2360679774997887,
        -0.7725773505398351,
        5.265475483996049e-32,
        8.914821151953315e-32,
        3.036949678727381e-17,
        1.4444979720775864e-16,
        1.5040648718978662e-16,
        2.2637315708484276e-16,
        2.5457668266461416e-16,
        3.5835693947269503e-16,
        4.2400649683950003e-16,
        6.059295341758354e-16,
        8.490787762682794e-16,
        1.0134335187132238e-15,
        1.2205850772056358e-15,
        1.688610331751251e-15,
        0.772577350539836,
        1.2360679774997905,
        1.4142135623730947,
        2.8284271247461885,
        2.8284271247461894,
        2.828427124746192,
        2.8284271247461925,
        3.236067977499788,
        3.661027756987487
      ]
    },
    "生": {
      "rho_coherent": 9.976384738938088e-16,
      "rho_dark": 4.495895403456444,
      "dark_dominates_from": 1,
      "eigenvectors_preserved": true,
      "coherent_eigenvalues": [
        -6.245736933473784e-16,
        -6.034002292805108e-16,
        -5.774393686988458e-16,
        -3.836090158517596e-16,
        -3.295252054485164e-16,
        -2.2495956206837973e-16,
        -1.9044107660895227e-16,
        -4.1576462635028684e-17,
        0.0,
        0.0,
        5.639681754177928e-17,
        6.22597667614459e-17,
        9.466146753731585e-17,
        1.45975140263921e-16,
        1.959162784420831e-16,
        3.2007563003417066e-16,
        4.55521685858355e-16,
        5.203360426978332e-16,
        8.140264194893085e-16,
        9.976384738938088e-16
      ],
      "dark_eigenvalues": [
        -4.495895403456444,
        -3.85454857912241,
        -3.5646198299095233,
        -3.0937446195292355,
        -2.833705674685509,
        -2.767860721722192,
        -2.7071905572480564,
        -2.2916067897108108,
        -2.2696545958384005,
        -2.123604429402311,
        -2.100264830321969,
        -2.0000000000000004,
        -1.6150896080434003,
        -1.5632648943320855,
        -1.50428773110822,
        -1.168281505719842,
        -1.0118883591353045,
        -1.0086219616405028,
        -0.9398501980369481,
        -0.5845358079815435,
        -0.5345875305692979,
        -0.2758453643797373,
        0.27584536437973733,
        0.5345875305692979,
        0.5845358079815441,
        0.9398501980369482,
        1.0086219616405026,
        1.0118883591353047,
        1.168281505719842,
        1.5042877311082221,
        1.5632648943320853,
        1.615089608043401,
        1.9999999999999993,
        2.1002648303219678,
        2.12360442940231,
        2.2696545958384013,
        2.291606789710811,
        2.7071905572480537,
        2.7678607217221933,
        2.833705674685508,
        3.0937446195292373,
        3.56461982990952,
        3.854548579122412,
        4.495895403456444
      ]
    },
    "克": {
      "rho_coherent": 3.2360679774997907,
      "rho_dark": 4.688470846713879,
      "dark_dominates_from": 1,
      "eigenvectors_preserved": true,