{
  "step1_parameter": {
    "r": 3.23606797749979,
    "critical_value": 0.8090169943749475,
    "period2_verified": true,
    "topological_entropy": 0.48121182505960347
  },
  "step2_transition_graphs": {
    "2": {
      "n_edges": 3,
      "out_degrees": [
        2,
        1
      ],
      "in_degrees": [
        1,
        2
      ],
      "spectral_radius": 1.0,
      "matrix": [
        [
          1,
          1
        ],
        [
          0,
          1
        ]
      ]
    },
    "4": {
      "n_edges": 8,
      "out_degrees": [
        3,
        2,
        1,
        2
      ],
      "in_degrees": [
        1,
        1,
        3,
        3
      ],
      "spectral_radius": 1.618033988749895,
      "matrix": [
        [
          1,
          1,
          1,
          0
        ],
        [
          0,
          0,
          1,
          1
        ],
        [
          0,
          0,
          0,
          1
        ],
        [
          0,
          0,
          1,
          1
        ]
      ]
    },
    "8": {
      "n_edges": 18,
      "out_degrees": [
        3,
        4,
        2,
        2,
        1,
        1,
        2,
        3
      ],
      "in_degrees": [
        1,
        1,
        2,
        1,
        2,
        3,
        4,
        4
      ],
      "spectral_radius": 1.9999999999999978,
      "matrix": [
        [
          1,
          1,
          1,
          0,
          0,
          0,
          0,
          0
        ],
        [
          0,
          0,
          1,
          1,
          1,
          1,
          0,
          0
        ],
        [
          0,
          0,
          0,
          0,
          0,
          1,
          1,
          0
        ],
        [
          0,
          0,
          0,
          0,
          0,
          0,
          1,
          1
        ],
        [
          0,
          0,
          0,
          0,
          0,
          0,
          0,
          1
        ],
        [
          0,
          0,
          0,
          0,
          0,
          0,
          0,
          1
        ],
        [
          0,
          0,
          0,
          0,
          0,
          0,
          1,
          1
        ],
        [
          0,
          0,
          0,
          0,
          1,
          1,
          1,
          0
        ]
      ]
    },
    "16": {
      "n_edges": 37,
      "out_degrees": [
        4,
        3,
        4,
        3,
        3,
        2,
        2,
        2,
        1,
        1,
        1,
        1,
        2,
        2,
        3,
        3
      ],
      "in_degrees": [
        1,
        1,
        1,
        2,
        1,
        2,
        1,
        1,
        2,
        2,
        3,
        3,
        3,
        4,
        4,
        6
      ],
      "spectral_radius": 1.801937735804837,
      "matrix": [
        [
          1,
          1,
          1,
          1,
          0,
          0,
          0,
          0,
          0,
          0,
          0,
          0,
          0,
          0,
          0,
          0
        ],
        [
          0,
          0,
          0,
          1,
          1,
          1,
          0,
          0,
          0,
          0,
          0,
          0,
          0,
          0,
          0,
          0
        ],
        [
          0,
          0,
          0,
          0,
          0,
          1,
          1,
          1,
          1,
          0,
          0,
          0,
          0,
          0,
          0,
          0
        ],
        [
          0,
          0,
          0,
          0,
          0,
          0,
          0,
          0,
          1,
          1,
          1,
          0,
          0,
          0,
          0,
          0
        ],
        [
          0,
          0,
          0,
          0,
          0,
          0,
          0,
          0,
          0,
          0,
          1,
          1,
          1,
          0,
          0,
          0
        ],
        [
          0,
          0,
          0,
          0,
          0,
          0,
          0,
          0,
          0,
          0,
          0,
          0,
          1,
          1,
          0,
          0
        ],
        [
          0,
          0,
          0,
          0,
          0,
          0,
          0,
          0,
          0,
          0,
          0,
          0,
          0,
          1,
          1,
          0
        ],
        [
          0,
          0,
          0,
          0,
          0,
          0,
          0,
          0,
          0,
          0,
          0,
          0,
          0,
          0,
          1,
          1
        ],
        [
          0,
          0,
          0,
          0,
          0,
          0,
          0,
          0,
          0,
          0,
          0,
          0,
          0,
          0,
          0,
          1
        ],
        [
          0,
          0,
          0,
          0,
          0,
          0,
          0,
          0,
          0,
          0,
          0,
          0,
          0,
          0,
          0,
          1
        ],
        [
          0,
          0,
          0,
          0,
          0,
          0,
          0,
          0,
          0,
          0,
          0,
          0,
          0,
          0,
          0,
          1
        ],
        [
          0,
          0,
          0,
          0,
          0,
          0,
          0,
          0,
          0,
          0,
          0,
          0,
          0,
          0,
          0,
          1
        ],
        [
          0,
          0,
          0,
          0,
          0,
          0,
          0,
          0,
          0,
          0,
          0,
          0,
          0,
          0,
          1,
          1
        ],
        [
          0,
          0,
          0,
          0,
          0,
          0,
          0,
          0,
          0,
          0,
          0,
          0,
          0,
          1,
          1,
          0
        ],
        [
          0,
          0,
          0,
          0,
          0,
          0,
          0,
          0,
          0,
          0,
          0,
          1,
          1,
          1,
          0,
          0
        ],
        [
          0,
          0,
          0,
          0,
          0,
          0,
          0,
          0,
          0,
          1,
          1,
          1,
          0,
          0,
          0,
          0
        ]
      ]
    }
  },
  "step3_q3_embeddability": {
    "embeddable": false,
    "transition_edges": 14,
    "q3_edges": 12,
    "max_degree": 5,
    "degree_sequence": [
      2,
      3,
      3,
      3,
      4,
      4,
      4,
      5
    ],
    "q3_degree_sequence": [
      3,
      3,
      3,
      3,
      3,
      3,
      3,
      3
    ],
    "is_symmetric": false
  },
  "step4_markov_partition": {
    "boundaries_2bit": [
      0.0,
      0.19098300562505255,
      0.5,
      0.8090169943749475
    ],
    "matrix_2bit": [
      [
        1,
        1,
        0
      ],
      [
        0,
        1,
        1
      ],
      [
        0,
        1,
        1
      ]
    ],
    "boundaries_3bit": [
      0.0,
      0.0629839755511789,
      0.19098300562505255,
      0.5,
      0.8090169943749475,
      0.937016024448821
    ],
    "n_cells_3bit": 5,
    "matrix_3bit": [
      [
        1,
        1,
        0,
        0,
        0
      ],
      [
        0,
        1,
        1,
        0,
        0
      ],
      [
        0,
        0,
        1,
        1,
        0
      ],
      [
        0,
        0,
        1,
        1,
        0
      ],
      [
        0,
        0,
        1,
        0,
        0
      ]
    ],
    "degrees_3bit": [
      2,
      2,
      2,
      2,
      1
    ]
  },
  "step5_spectral_comparison": {
    "logistic_spectral_radius": 1.9999999999999978,
    "iching_ke_spectral_radius": 1.61803399,